{
  "address": "wQwUHwJYmJoY1Xc6csP2KsFGNvLLCNDtxYx1oa1UEqK",
  "metadata": {
    "name": "referral_token",
    "version": "0.1.0",
    "spec": "0.1.0"
  },
  "instructions": [
    {
      "name": "buy",
      "discriminator": [
        102,
        6,
        61,
        18,
        1,
        218,
        235,
        234
      ],
      "accounts": [
        {
          "name": "buyer",
          "writable": true,
          "signer": true
        },
        {
          "name": "config",
          "pda": {
            "seeds": [
              {
                "kind": "const",
                "value": [
                  99,
                  111,
                  110,
                  102,
                  105,
                  103
                ]
              }
            ]
          }
        },
        {
          "name": "sponsor"
        },
        {
          "name": "buyer_usdt",
          "writable": true
        },
        {
          "name": "admin_usdt",
          "writable": true
        },
        {
          "name": "buyer_token",
          "writable": true
        },
        {
          "name": "sponsor_token",
          "writable": true
        },
        {
          "name": "vault_token",
          "writable": true
        },
        {
          "name": "vault_authority",
          "pda": {
            "seeds": [
              {
                "kind": "const",
                "value": [
                  118,
                  97,
                  117,
                  108,
                  116
                ]
              }
            ]
          }
        },
        {
          "name": "token_program",
          "address": "TokenkegQfeZyiNwAJbNbGKPFXCWuBvf9Ss623VQ5DA"
        }
      ],
      "args": [
        {
          "name": "usdt_amount",
          "type": "u64"
        }
      ]
    },
    {
      "name": "initialize",
      "discriminator": [
        175,
        175,
        109,
        31,
        13,
        152,
        155,
        237
      ],
      "accounts": [
        {
          "name": "config",
          "writable": true,
          "pda": {
            "seeds": [
              {
                "kind": "const",
                "value": [
                  99,
                  111,
                  110,
                  102,
                  105,
                  103
                ]
              }
            ]
          }
        },
        {
          "name": "admin",
          "writable": true,
          "signer": true
        },
        {
          "name": "token_mint"
        },
        {
          "name": "usdt_mint"
        },
        {
          "name": "vault_authority",
          "pda": {
            "seeds": [
              {
                "kind": "const",
                "value": [
                  118,
                  97,
                  117,
                  108,
                  116
                ]
              }
            ]
          }
        },
        {
          "name": "vault_token",
          "writable": true,
          "pda": {
            "seeds": [
              {
                "kind": "account",
                "path": "vault_authority"
              },
              {
                "kind": "const",
                "value": [
                  6,
                  221,
                  246,
                  225,
                  215,
                  101,
                  161,
                  147,
                  217,
                  203,
                  225,
                  70,
                  206,
                  235,
                  121,
                  172,
                  28,
                  180,
                  133,
                  237,
                  95,
                  91,
                  55,
                  145,
                  58,
                  140,
                  245,
                  133,
                  126,
                  255,
                  0,
                  169
                ]
              },
              {
                "kind": "account",
                "path": "token_mint"
              }
            ],
            "program": {
              "kind": "const",
              "value": [
                140,
                151,
                37,
                143,
                78,
                36,
                137,
                241,
                187,
                61,
                16,
                41,
                20,
                142,
                13,
                131,
                11,
                90,
                19,
                153,
                218,
                255,
                16,
                132,
                4,
                142,
                123,
                216,
                219,
                233,
                248,
                89
              ]
            }
          }
        },
        {
          "name": "token_program",
          "address": "TokenkegQfeZyiNwAJbNbGKPFXCWuBvf9Ss623VQ5DA"
        },
        {
          "name": "associated_token_program",
          "address": "ATokenGPvbdGVxr1b2hvZbsiqW5xWH25efTNsLJA8knL"
        },
        {
          "name": "system_program",
          "address": "11111111111111111111111111111111"
        }
      ],
      "args": [
        {
          "name": "referral_percent",
          "type": "u8"
        }
      ]
    }
  ],
  "accounts": [
    {
      "name": "Config",
      "discriminator": [
        155,
        12,
        170,
        224,
        30,
        250,
        204,
        130
      ]
    }
  ],
  "types": [
    {
      "name": "Config",
      "type": {
        "kind": "struct",
        "fields": [
          {
            "name": "admin",
            "type": "pubkey"
          },
          {
            "name": "token_mint",
            "type": "pubkey"
          },
          {
            "name": "usdt_mint",
            "type": "pubkey"
          },
          {
            "name": "referral_percent",
            "type": "u8"
          },
          {
            "name": "vault_bump",
            "type": "u8"
          }
        ]
      }
    }
  ]
}
